t,component-1,component-2,sos
0.1,0.0,0.0,0.0
0.26012024048096194,0.0030721045455096387,0.002852789071872076,0.005924893617381737
0.4202404809619239,0.009040909937731528,0.008421989263634426,0.017462899201365987
0.5803607214428858,0.014817485416269018,0.013846219882282554,0.028663705298551542
0.7404809619238477,0.01907277481191175,0.017874291198502857,0.03694706601041461
0.9006012024048097,0.02159481062239086,0.020286266565895873,0.04188107718828659
1.0607214428857716,0.029100690112121037,0.028561354877723887,0.0576620449898451
1.2208416833667337,0.13108314873298432,0.13351187220150249,0.26459502093448645
1.3809619238476956,0.22005505147744447,0.22690844542509153,0.44696349690253584
1.5410821643286574,0.36435844993528765,0.3529815903504898,0.7173400402857761
1.7012024048096195,0.522161474517813,0.5196831054327449,1.041844579950555
1.8613226452905813,0.6565466868383303,0.6661250002684723,1.32267168710681
2.021442885771543,0.7290558950827399,0.7433659563232693,1.4724218514060068
2.181563126252505,0.2770505858815795,0.2729508121233805,0.5500013980049584
2.3416833667334673,0.2714768673457059,0.26714422142577754,0.5386210887714816
2.501803607214429,0.36876395207405327,0.3633444069187659,0.7321083589928181
2.661923847695391,0.5062414398694713,0.4974041383630678,1.0036455782325422
2.822044088176353,0.6939649551492064,0.6809590975374049,1.374924052686608
2.9821643286573147,0.8717347968169572,0.8670956665754121,1.7388304633923672
3.142284569138277,0.7896431991738412,0.7633028969431138,1.5529460961169548
3.302404809619239,0.6188507547922816,0.6009873924079148,1.2198381472001947
3.4625250501002007,0.59080477852133,0.5748215662182621,1.1656263447395867
3.6226452905811626,0.6657478223280611,0.6609052818348345,1.3266531041628935
3.7827655310621244,0.7867450553987668,0.7649111443563633,1.5516561997551317
3.9428857715430863,0.9370292763442322,0.9091448152001591,1.8461740915443905
4.103006012024048,1.0811841721110136,1.0705438024995735,2.1517279746105924
4.2631262525050095,1.0828481838813586,1.065129623263774,2.147977807145139
4.423246492985972,1.014775862053854,0.9955658166501556,2.010341678704011
4.583366733466934,1.0285946370292516,1.0185632194072731,2.0471578564365247
4.7434869739478955,1.0819263810781743,1.0726712468451132,2.1545976279232857
4.903607214428858,1.1833460190789589,1.161299560070138,2.3446455791491103
5.063727454909819,1.3315533441029053,1.3090960518719776,2.6406493959748754
5.2238476953907815,1.4496835612599273,1.414463040656997,2.864146601916922
5.383967935871744,1.4841370876296787,1.4409075201112005,2.9250446077408796
5.544088176352705,1.483863172408154,1.4331554015955255,2.9170185740036834
5.7042084168336675,1.5078685772037994,1.4917710370218535,2.999639614225653
5.864328657314629,1.5707005872699122,1.5642378942422588,3.134938481512159
6.024448897795591,1.66450963378861,1.6428848598855461,3.3073944936741655
6.1845691382765535,1.785227252553089,1.7530100160518864,3.5382372686049646
6.344689378757515,1.8943637490093679,1.8580750468204137,3.752438795829766
6.504809619238477,1.9590273462112608,1.9069700400041016,3.865997386215363
6.664929859719439,1.9967810194135625,1.951622431053695,3.9484034504672563
6.825050100200401,2.0431820006705825,2.0112523226737533,4.0544343233443305
6.985170340681363,2.1074165524812734,2.091640455058565,4.199057007539842
7.145290581162325,2.2100938069255087,2.184438541250425,4.394532348175917
7.305410821643287,2.3232823240237255,2.283385383181703,4.6066677072054425
7.465531062124248,2.4193797114550764,2.378947096393043,4.798326807848116
7.625651302605211,2.494777538586435,2.443729687198061,4.93850722578449
7.785771543086172,2.552634570723628,2.513887094923546,5.0665216656471985
7.945891783567134,2.614398400149466,2.580234659939931,5.194633060089388
8.106012024048097,2.6896940403243126,2.6493195547717434,5.339013595096037
8.266132264529059,2.781174190222104,2.749372619007947,5.530546809230053
8.42625250501002,2.8877862386822306,2.8490362472144644,5.736822485896689
8.586372745490982,2.9940439470071527,2.9387012868492723,5.932745233856427
8.746492985971944,3.0796933221588314,3.017260943195473,6.096954265354287
8.906613226452906,3.1303032622493028,3.065171875658007,6.195475137907314
9.066733466933869,3.2079871180733748,3.1612884311136074,6.36927554918699
9.22685370741483,3.3094814094143024,3.253661152921361,6.563142562335683
9.386973947895791,3.370148447398876,3.3608676644873485,6.731016111886232
9.547094188376754,3.4665057208360106,3.4465401354409297,6.913045856276931
9.707214428857716,3.579412393807793,3.53696967402104,7.116382067828819
9.867334669338678,3.6737191059055605,3.618836643448923,7.292555749354456
10.027454909819639,3.7357158735161384,3.6641555038335833,7.399871377349691
10.187575150300601,3.8296302340768897,3.7560826751124137,7.585712909189303
10.347695390781563,3.9082766244294644,3.8559074984190986,7.764184122848566
10.507815631262526,3.965398700963576,3.954769892925094,7.920168593888656
10.667935871743488,4.064962175301751,4.048768460160294,8.113730635462037
10.828056112224449,4.168888752008276,4.1344859736778306,8.303374725686158
10.98817635270541,4.265909321582489,4.223258059002722,8.489167380585195
11.148296593186373,4.3581271742041094,4.291222251046756,8.649349425250907
11.308416833667335,4.426331698058296,4.373436049329733,8.79976774738801
11.468537074148298,4.487113428575884,4.456831446304404,8.943944874880287
11.628657314629258,4.589467916850316,4.563593612845366,9.153061529695673
11.78877755511022,4.6518597768936525,4.672302503050611,9.324162279944252
11.948897795591183,4.773873182285166,4.746940813976209,9.520813996261348
12.109018036072145,4.842724863555109,4.8336382844888135,9.676363148043928
12.269138276553107,4.9701044011228115,4.905429345878461,9.875533747001285
12.429258517034068,5.056611340519056,4.992684524121471,10.049295864640568
12.58937875751503,5.125236858429369,5.095214729063332,10.220451587492683
12.749498997995993,5.1767424400396616,5.181181624846557,10.357924064886229
12.909619238476955,5.280538671698168,5.268828888281797,10.549367559980016
13.069739478957917,5.371979012052432,5.335803545973532,10.70778255802598
13.229859719438878,5.450245868056616,5.431306134354956,10.881552002411578
13.38997995991984,5.574031099956003,5.516280268942727,11.090311368898742
13.550100200400802,5.643883631250987,5.589523253343227,11.233406884594203
13.710220440881765,5.723875917474477,5.675311731441638,11.399187648916119
13.870340681362727,5.78884429077418,5.75792482627484,11.546769117049024
14.030460921843687,5.873710073044873,5.846852251208931,11.720562324253857
14.19058116232465,5.957621949440634,5.920329529084501,11.877951478525123
14.350701402805612,6.034061360890073,6.023276838304924,12.057338199194959
14.510821643286574,6.142519858018813,6.11992262127864,12.262442479297448
14.670941883767536,6.243478665578982,6.1952861893186535,12.438764854897606
14.831062124248497,6.315867484251417,6.287892983765093,12.603760468016501
14.99118236472946,6.389493255570248,6.361590043468048,12.751083299038251
15.151302605210422,6.4892709726316715,6.45732516318786,12.946596135819512
15.311422845691384,6.545941004780116,6.539587593652814,13.085528598432978
15.471543086172344,6.600072934462373,6.610676111200817,13.21074904566316
15.631663326653307,6.706398772571055,6.68755192098948,13.393950693560514
15.791783567134269,6.813089810325979,6.755381183382891,13.568470993708834
15.951903807615231,6.872492380569986,6.849069878490271,13.72156225906031
16.112024048096195,6.973694475648344,6.928938561551635,13.902633037199976
16.272144288577156,7.034249420567442,7.0182082048975545,14.052457625464935
16.43226452905812,7.116996522236109,7.092858607265246,14.209855129501342
16.59238476953908,7.143620003174961,7.194376525858417,14.337996529033376
16.75250501002004,7.24581004210768,7.252187242909013,14.49799728501667
16.912625250501005,7.346059047215284,7.327456862038458,14.673515909253712
17.072745490981966,7.42488682095805,7.397260036578351,14.822146857536397
17.23286573146293,7.532964361013158,7.484484865905445,15.017449226918648
17.39298597194389,7.625360149594107,7.593968999183114,15.219329148777176
17.55310621242485,7.666616566132498,7.657124449354451,15.32374101548685
17.713226452905815,7.704135194552767,7.735135045681897,15.439270240234631
17.873346693386775,7.7844441953539265,7.792038969485233,15.576483164839132
18.03346693386774,7.886508069834083,7.885084274842356,15.771592344676517
18.1935871743487,7.985589102860434,7.9533563779956165,15.938945480856075
18.35370741482966,8.047138207359705,8.024520553669053,16.07165876102878
18.513827655310624,8.142557688852413,8.117711592150226,16.26026928100265
18.673947895791585,8.221125267683153,8.18556341676508,16.406688684448206
18.83406813627255,8.241987630156688,8.278062143584673,16.52004977374134
18.99418837675351,8.331089295638748,8.342613879792033,16.673703175430813
19.15430861723447,8.437584935950305,8.395104053039605,16.83268898898998
19.314428857715434,8.513126646887038,8.492041214477249,17.00516786136432
19.474549098196395,8.57713819922095,8.56771300744753,17.14485120666845
19.63466933867736,8.647738000851286,8.670409367756692,17.31814736860794
19.79478957915832,8.70303794683045,8.716964127524497,17.420002074354944
19.95490981963928,8.75835609466073,8.76587399984687,17.52423009450758
20.115030060120244,8.850070984086786,8.860245886234082,17.710316870320778
20.275150300601204,8.934408524135293,8.950009304086382,17.88441782822164
20.43527054108217,8.991902157020212,9.003471531348795,17.99537368836906
20.59539078156313,9.067346770890461,9.07640891027443,18.143755681164873
20.75551102204409,9.14111721805032,9.149789264847909,18.290906482898187
20.915631262525054,9.214173207072747,9.166893956952583,18.381067164025293
21.075751503006014,9.24468547110216,9.267536985877882,18.512222456980062
21.235871743486978,9.329088735431322,9.341450774146738,18.67053950957798
21.39599198396794,9.383387459273242,9.444433815851164,18.827821275124325
21.5561122244489,9.463040858681618,9.478420131659577,18.941460990341078
21.716232464929863,9.563627038821494,9.545774364985611,19.109401403807137
21.876352705410824,9.604367352840878,9.626594306298855,19.230961659139762
22.036472945891788,9.65701120900367,9.667708133437781,19.324719342441455
22.19659318637275,9.727471205971728,9.730884392114381,19.4583555980862
22.35671342685371,9.769235664545452,9.844576792434106,19.613812456979563
22.516833667334673,9.81776561378588,9.90716189571611,19.724927509502002
22.676953907815633,9.915188263216075,9.972199691373055,19.88738795458918
22.837074148296598,9.953782569734646,10.05879175891399,20.012574328648576
22.997194388777558,10.066673447792681,10.075862977154525,20.142536424947203
23.15731462925852,10.108516944581739,10.095729048639651,20.204245993221395
23.317434869739483,10.174141647892663,10.152628051203953,20.326769699096555
23.477555110220443,10.226374564236894,10.23504038542539,20.461414949662252
23.637675350701407,10.267617015509217,10.293406185944557,20.561023201453757
23.797795591182368,10.335979715327806,10.366152388045967,20.702132103373714
23.95791583166333,10.438648652630176,10.462848000088,20.9014966527182
24.118036072144292,10.47644490743557,10.497374251010559,20.973819158446155
24.278156312625253,10.534138398147286,10.55331128298063,21.087449681127822
24.438276553106217,10.598755216759232,10.581045769664067,21.17980098642326
24.598396793587177,10.647199921092067,10.657793747751368,21.3049936688434
24.758517034068138,10.690312598675604,10.735743403032751,21.42605600170838
24.918637274549102,10.765408911292749,10.822126332802672,21.58753524409535
25.078757515030063,10.834409059213218,10.854992930981588,21.68940199019475
25.238877755511027,10.87909042913985,10.913329633726093,21.79242006286599
25.398997995991987,10.918143670251135,10.953303844050078,21.871447514301188
25.559118236472948,11.00292290954061,10.984326182059775,21.987249091600404
25.71923847695391,11.042354592260786,11.022140629740395,22.06449522200118
25.879358717434872,11.065291834442128,11.075933735258328,22.141225569700428
26.039478957915836,11.142622419656933,11.196186279325719,22.338808698982675
26.199599198396797,11.209354905916332,11.240557007120076,22.4499119130364
26.359719438877757,11.264939399203419,11.284182108369258,22.54912150757276
26.51983967935872,11.307904234033733,11.342606816233232,22.65051105026698
26.679959919839682,11.395876425250048,11.394578427496235,22.790454852746297
26.840080160320646,11.430180837105668,11.407403103864956,22.837583940970585
27.000200400801607,11.466923692767082,11.491301383199524,22.958225075966652
27.160320641282567,11.532725295013085,11.588870998074121,23.12159629308719
27.32044088176353,11.574302750178788,11.601490204247819,23.17579295442661
27.48056112224449,11.65090394736673,11.633668649185823,23.28457259655251
27.640681362725456,11.686175977991537,11.697111975584416,23.383287953575955
27.800801603206416,11.754365668412108,11.741266277379875,23.49563194579202
27.960921843687377,11.752142592317268,11.755949540768116,23.508092133085338
28.12104208416834,11.788350157799451,11.801319314376704,23.589669472176222
28.2811623246493,11.867746360483785,11.89465669729198,23.762403057775842
28.441282565130265,11.930694305902758,11.936626368766483,23.867320674669315
28.601402805611226,11.996279326953811,12.010723345269065,24.007002672222796
28.761523046092186,12.053305591064555,12.060259424935206,24.113565015999725
28.92164328657315,12.086798118464426,12.074204834264991,24.16100295272941
29.08176352705411,12.08495779599468,12.124789857874314,24.20974765386882
29.241883767535075,12.122260603842806,12.180524806420788,24.302785410263574
29.402004008016036,12.166803450998264,12.221978447926912,24.388781898925146
29.562124248496996,12.218502708617327,12.259147478511638,24.477650187129033
29.72224448897796,12.302850896280226,12.34339191966048,24.646242815940692
29.88236472945892,12.339682872076633,12.373587603368064,24.713270475444673
30.042484969939885,12.360753926691823,12.372231158251529,24.73298508494328
30.202605210420845,12.415706108653357,12.414752555087096,24.83045866374032
30.362725450901806,12.459739366779159,12.506460861801722,24.966200228580878
30.52284569138277,12.476082383152406,12.546415261487446,25.022497644639795
30.68296593186373,12.529538290223355,12.60058088523439,25.130119175457764
30.84308617234469,12.593712999836626,12.632806340589948,25.22651934042671
31.003206412825655,12.635892658153518,12.66228670930165,25.298179367455067
31.163326653306616,12.667094542756558,12.699548735825257,25.366643278581822
31.32344689378758,12.698185573992887,12.764103139865686,25.46228871385862
31.48356713426854,12.73929828610913,12.791842431557974,25.531140717667093
31.6436873747495,12.766354879627198,12.834281497214532,25.600636376841656
31.803807615230465,12.786742976950997,12.887065292344676,25.673808269295623
31.963927855711425,12.830351943522928,12.905122715596784,25.735474659119674
32.12404809619239,12.833408959390537,12.981775017064791,25.815183976455327
32.28416833667335,12.881209309497006,12.997755389795374,25.878964699292286
32.44428857715431,12.977194500373926,13.048711845713692,26.025906346087538
32.604408817635274,12.987637676842532,13.098309726179055,26.08594740302165
32.76452905811624,13.030022333762647,13.153351006158154,26.183373339920852
32.924649298597195,13.046108076591677,13.187103485766793,26.23321156235839
33.08476953907816,13.084172921845605,13.176679001101094,26.260851922946713
33.244889779559124,13.064431004129963,13.231434759331925,26.295865763461876
33.40501002004008,13.16206358879268,13.259595366426613,26.421658955219346
33.565130260521045,13.23942503735866,13.327795978075729,26.567221015434466
33.72525050100201,13.278802878098224,13.353400991495421,26.632203869593692
33.88537074148297,13.280025025839585,13.437673292826156,26.71769831866569
34.04549098196393,13.314922738131761,13.443413690762169,26.75833642889395
34.205611222444894,13.291033905658985,13.42318477950431,26.714218685163313
34.36573146292586,13.348500997489873,13.4542973478815,26.802798345371382
34.525851703406815,13.427937209413626,13.493713850651938,26.921651060065475
34.68597194388778,13.464687341967432,13.547156971090205,27.011844313057612
34.84609218436874,13.51139466012026,13.591345171258837,27.102739831379026
35.0062124248497,13.538810123184577,13.621932081297409,27.16074220448197
35.166332665330664,13.557645466163684,13.627129580975291,27.184775047139013
35.32645290581163,13.561198913729948,13.675493103174498,27.23669201690438
35.48657314629259,13.57793996585318,13.718267576199514,27.29620754205271
35.64669338677355,13.636542265873079,13.770517205837375,27.40705947171051
35.80681362725451,13.705689641873125,13.777163186646861,27.48285282852003
35.96693386773548,13.678671460909518,13.811504462893698,27.490175923803264
36.127054108216434,13.712260355667267,13.880049371188221,27.592309726855408
36.2871743486974,13.777051134561756,13.890132791051894,27.667183925613628
36.44729458917836,13.826285669034966,13.927529236046976,27.75381490508192
36.60741482965932,13.859413107398085,13.945068882199813,27.80448198959788
36.76753507014028,13.862535871493714,13.986658988469816,27.849194859963458
36.92765531062125,13.912805183718417,14.027764804468891,27.940569988187303
37.08777555110221,13.956279778581075,14.061170098114998,28.017449876696023
37.24789579158317,13.92134546449871,14.094157851346052,28.015503315844782
37.40801603206413,13.980600592637213,14.068297745596478,28.04889833823369
37.5681362725451,14.036897922999891,14.096446535060512,28.133344458060392
37.728256513026054,14.03756866010146,14.158549998889313,28.196118658990734
37.88837675350702,14.074758155527213,14.159953299891862,28.234711455419113
38.04849699398798,14.094476995711078,14.205619368320919,28.300096364032083
38.20861723446894,14.17424661198277,14.254320194322718,28.428566806305433
38.3687374749499,14.183193215613422,14.302820903672052,28.486014119285475
38.52885771543087,14.17358351561267,14.30386822474219,28.477451740354805
38.68897795591183,14.216266703190875,14.300315736988685,28.516582440179477
38.84909819639279,14.223148364928758,14.311881734647159,28.535030099575874
39.00921843687375,14.24857220248922,14.331107154050088,28.579679356539344
39.169338677354716,14.308049434827478,14.383742823699492,28.69179225852699
39.32945891783567,14.352621630993632,14.39658519527013,28.749206826263766
39.48957915831664,14.405195758014155,14.5056674878916,28.9108632459058
39.6496993987976,14.403109935468546,14.508255270773708,28.911365206242248
39.80981963927856,14.418433032216488,14.489439968725751,28.907873000942125
39.96993987975952,14.442465088195181,14.494307679755467,28.936772767950664
40.130060120240486,14.453711680909965,14.506447002711598,28.960158683621657
40.29018036072145,14.478533174600086,14.539528717705716,29.01806189230588
40.45030060120241,14.559897941372197,14.615710799630904,29.175608741003018
40.61042084168337,14.585344010731534,14.659954092946707,29.24529810367832
40.770541082164335,14.602834320796912,14.668071900280458,29.27090622107734
40.93066132264529,14.618850750493484,14.657835268315921,29.276686018809432
41.09078156312626,14.612110121137443,14.688358355741029,29.30046847687849
41.25090180360722,14.616514323039143,14.691148561297183,29.307662884336267
41.41102204408818,14.66962241455853,14.754410698023259,29.42403311258176
41.57114228456914,14.718581636676436,14.816152816958697,29.53473445363522
41.731262525050106,14.68519856598709,14.828772879621154,29.513971445608295
41.89138276553106,14.728915505587958,14.837802594113128,29.56671809970095
42.05150300601203,14.780409727916972,14.801496210806778,29.58190593872388
42.21162324649299,14.804819889921157,14.804225429793727,29.609045319714955
42.371743486973955,14.828766591445648,14.844718834196252,29.673485425641893
42.53186372745491,14.8613192926341,14.91433816485791,29.775657457491853
42.691983967935876,14.877141476649916,14.966985857260386,29.844127333910368
42.85210420841684,14.8341914627608,15.006855034234317,29.84104649699508
43.0122244488978,14.867745419774595,14.980914699176976,29.84866011895148
43.17234468937876,14.894032043023609,14.942322392548258,29.836354435571877
43.332464929859725,14.944858034334178,14.962627704248405,29.907485738582526
43.49258517034068,14.999422756990441,14.971071594056406,29.970494351046753
43.652705410821646,15.023666738438175,15.01935242135204,30.0430191597901
43.81282565130261,15.036328086501305,15.099994412264138,30.1363224987655
43.972945891783574,14.968563970501306,15.14615248886511,30.114716459366306
44.13306613226453,14.98606518320991,15.177218077169035,30.163283260379014
44.293186372745495,15.02808274177475,15.105290569630236,30.133373311405002
44.45330661322646,15.048841328384361,15.141773298926992,30.1906146273114
44.613426853707416,15.095060629920464,15.169330537737158,30.26439116765758
44.77354709418838,15.117090373593426,15.170035529426189,30.287125903019653
44.933667334669344,15.138133312477457,15.252999556907028,30.391132869384595
45.0937875751503,15.142953601696142,15.27672891304722,30.41968251474342
45.253907815631266,15.138136266477417,15.27934934275186,30.417485609229328
45.41402805611223,15.133496500324071,15.31222500682885,30.445721507152765
45.574148296593194,15.174276306383755,15.293150752895201,30.467427059279068
45.73426853707415,15.239584997941513,15.283214760100844,30.52279975804237
45.894388777555115,15.251511285435551,15.319805022255622,30.571316307691095
46.05450901803608,15.267005838939577,15.36640798210281,30.63341382104252
46.214629258517036,15.223668805338436,15.405511040438755,30.629179845777205
46.374749498998,15.247729359719958,15.423209251862351,30.670938611582113
46.534869739478964,15.241762444953624,15.435882552165246,30.677644997118822
46.69498997995992,15.29946991842862,15.418566140532203,30.718036058960813
46.855110220440885,15.340853435507192,15.395100918958509,30.735954354465562
47.01523046092185,15.364220294587081,15.403496634534601,30.767716929121683
47.17535070140281,15.352194264535894,15.419484731636823,30.7716789961727
47.33547094188377,15.38351682304222,15.491991844695823,30.875508667738103
47.495591182364734,15.380979215833179,15.541048524720152,30.922027740553343
47.6557114228457,15.34808372695575,15.534413094195529,30.882496821151232
47.815831663326655,15.411450958077124,15.539439208616308,30.950890166693476
47.97595190380762,15.439082060411279,15.55948705768802,30.998569118099415
48.13607214428858,15.501865061230308,15.532636503577546,31.034501564807957
48.29619238476954,15.465146509069813,15.555753321090004,31.02089983015986
48.456312625250504,15.45955701968379,15.620814983725774,31.08037200340955
48.61643286573147,15.494808442044764,15.636514215583755,31.13132265762841
48.77655310621243,15.480401787557136,15.631461610751934,31.111863398309087
48.93667334669339,15.51574689776068,15.626131542893091,31.141878440653777
49.09679358717435,15.548688892086618,15.637692252535947,31.186381144622555
49.25691382765532,15.567998725909984,15.652958103573171,31.220956829483114
49.417034068136275,15.6013848270118,15.693257445643068,31.294642272654823
49.57715430861724,15.566866844097909,15.713377188046271,31.28024403214422
49.7372745490982,15.576301877206127,15.723887423315588,31.30018930052171
49.89739478957916,15.593743593391013,15.731056445181993,31.324800038572803
50.057515030060124,15.646723866783443,15.724094069376614,31.37081793616013
50.21763527054109,15.66512332805454,15.69930970111856,31.36443302917296
50.37775551102205,15.67811753597382,15.77106212919658,31.449179665170387
50.53787575150301,15.684519085144341,15.77292737361849,31.45744645876273
50.69799599198397,15.687403720080914,15.827983971378806,31.515387691459683
50.85811623246494,15.639154903619907,15.794643141950242,31.43379804556998
51.018236472945894,15.70266352583841,15.836935349811325,31.539598875649606
51.17835671342686,15.683343502436811,15.805272824420076,31.488616326856828
51.33847695390782,15.729819222500614,15.822616068300619,31.552435290801217
51.49859719438878,15.710813409777593,15.83657178256145,31.547385192339075
51.65871743486974,15.735128201598846,15.859243386301108,31.594371587899886
51.81883767535071,15.775729576640957,15.88217485559705,31.657904432237988
51.97895791583167,15.714670142936354,15.916627499473963,31.63129764241033
52.13907815631263,15.774237923824977,15.904283753248833,31.678521677073867
52.29919839679359,15.828182772264446,15.915593449968233,31.74377622223269
52.459318637274556,15.833205297033388,15.929579823116734,31.762785120150003
52.61943887775551,15.80707223752916,15.902339037725895,31.70941127525502
52.77955911823648,15.83328639796931,15.94334272662802,31.776629124597342
52.93967935871744,15.846266741925307,15.931523201748755,31.777789943674
53.0997995991984,15.862413279128983,15.985790935250211,31.84820421437929
53.25991983967936,15.90019919193076,15.991231247048319,31.891430438978873
53.42004008016033,15.95513575279109,15.986754042478447,31.941889795269596
53.58016032064129,15.935549698392299,16.053709210136176,31.989258908528463
53.74028056112225,15.912935419229916,16.018536177811278,31.931471597041213
53.90040080160321,15.890694348287708,15.999406968425854,31.89010131671359
54.060521042084176,15.930175421916905,16.01910405534158,31.949279477258578
54.22064128256513,15.927045922090276,16.064020724803,31.991066646893344
54.3807615230461,15.928120990220416,16.063315151800694,31.991436142021154
54.54088176352706,15.984888140691499,16.05788332905179,32.042771469743286
54.70100200400802,15.942395885588832,16.073711532439013,32.01610741802797
54.86112224448898,15.980027463205055,16.074371414249928,32.05439887745496
55.021242484969946,15.978111295752958,16.057041696213094,32.03515299196601
55.18136272545091,15.984252739216302,16.06691397819188,32.051166717408094
55.34148296593187,16.01248212958054,16.109933484646636,32.122415614227094
55.50160320641283,16.029626828771185,16.111257172753255,32.14088400152434
55.661723446893795,16.06439534876815,16.128017782742717,32.19241313151084
55.82184368737475,16.07567289372226,16.143301759309207,32.21897465303139
55.981963927855716,16.044516575433452,16.115205250031508,32.159721825464906
56.14208416833668,16.025001433093777,16.15400622406806,32.17900765716194
56.30220440881764,16.027658111106124,16.11427797730471,32.14193608841087
56.4623246492986,16.049840513996006,16.17271399740981,32.2225545114059
56.622444889779565,16.08313942781313,16.190989985121206,32.27412941293422
56.78256513026053,16.099397151584895,16.203568066576405,32.30296521816133
56.942685370741486,16.150926265383877,16.244761923147436,32.39568818853129
57.10280561122245,16.159116221133818,16.256425248398607,32.415541469532336
57.262925851703415,16.132090154880682,16.222619841165983,32.35470999604656
57.42304609218437,16.11531227002996,16.204710303643484,32.32002257367345
57.583166332665336,16.141601568648483,16.232176002942794,32.373777571591326
57.7432865731463,16.147362925358333,16.239716408323428,32.38707933368186
57.90340681362726,16.162600445028705,16.25692142479684,32.41952186982554
58.06352705410822,16.187864390966155,16.278854178504158,32.46671856947034
58.223647294589185,16.18963347888233,16.301002127950426,32.49063560683255
58.38376753507015,16.19511359997778,16.26377762688173,32.45889122685963
58.543887775551106,16.195790060333735,16.260709225302467,32.45649928563615
58.70400801603207,16.225509833925898,16.28258108777675,32.508090921702596
58.864128256513034,16.228255768277585,16.26333446480811,32.49159023308554
59.02424849699399,16.223072642033358,16.313852745648838,32.53692538768221
59.184368737474955,16.2833710927783,16.317914264554304,32.60128535733266
59.34448897795592,16.24829131003892,16.362786752348637,32.61107806238748
59.504609218436876,16.26683560022136,16.31337097632349,32.58020657654501
59.66472945891784,16.269052696578093,16.304812278522466,32.573864975100506
59.824849699398804,16.257336939684727,16.334422777515723,32.59175971720046
59.98496993987977,16.27232781342189,16.372887715262365,32.645215528684076
60.145090180360725,16.287021513035057,16.356641647263434,32.64366316029858
60.30521042084169,16.28965307537781,16.406322927505684,32.6959760028836
60.46533066132265,16.32499610804033,16.401466666896134,32.72646277493648
60.62545090180361,16.32138756825501,16.403797718764068,32.725185287019
60.785571142284574,16.327803442189403,16.363791956822315,32.69159539901169
60.94569138276554,16.298065692566475,16.375800367694907,32.67386606026139
61.105811623246495,16.28957713619393,16.362404201152707,32.651981337346626
61.26593186372746,16.297656551640404,16.42097496700453,32.71863151864502
61.42605210420842,16.329774384321748,16.385719882601364,32.71549426692304
61.58617234468938,16.352161927086403,16.42478851189118,32.776950438977615
61.746292585170345,16.38764840226144,16.44289669590828,32.830545098169566
61.90641282565131,16.364635613537118,16.466388722020422,32.831024335557714
62.06653306613227,16.34245340730108,16.450584370396854,32.79303777769791
62.22665330661323,16.346777914581928,16.439711934707347,32.786489849289254
62.386773547094194,16.361862340114143,16.47660000113104,32.83846234124527
62.54689378757516,16.37659391034931,16.471275540694364,32.8478694510436
62.707014028056115,16.38291179007021,16.485833607076778,32.868745397147045
62.86713426853708,16.40018746253681,16.510036017032956,32.910223479569815
63.02725450901804,16.402308422762935,16.533287702505817,32.93559612526878
63.187374749499,16.384434092692373,16.50138023883964,32.88581433153198
63.347494989979964,16.426249464061616,16.502793519827904,32.92904298388946
63.50761523046093,16.40563797883937,16.48814860952298,32.89378658836223
63.66773547094189,16.40349560286704,16.495729738757067,32.89922534162412
63.82785571142285,16.444641193018718,16.512630400840944,32.957271593859474
63.98797595190381,16.449639200207017,16.54865446103852,32.998293661245405
64.14809619238477,16.469873344858097,16.563037320635424,33.032910665493624
64.30821643286573,16.460678435265063,16.551157496772554,33.011835932037634
64.4683366733467,16.498922866626383,16.577639041547926,33.076561908174206
64.62845691382765,16.481336840968904,16.55815130512564,33.039488146094556
64.78857715430861,16.464745997757987,16.57279980245067,33.03754580020871
64.94869739478958,16.485561656908814,16.54597875982685,33.03154041673567
65.10881763527054,16.52131179967239,16.571516449175736,33.092828248848136
65.2689378757515,16.500966638126982,16.575150664977578,33.07611730310448
65.42905811623247,16.513198366569892,16.59210691854266,33.10530528511265
65.58917835671342,16.52170200746281,16.584219931615564,33.105921939078335
65.74929859719438,16.509802161264375,16.561915228878217,33.071717390142496
65.90941883767535,16.514785020225165,16.567372643957814,33.08215766418296
66.06953907815631,16.518482175662196,16.572442417627745,33.09092459329
66.22965931863727,16.522849597918697,16.577936200468613,33.10078579838725
66.38977955911824,16.56678255855363,16.64326079220095,33.2100433507546
66.5498997995992,16.545223150042894,16.62622683031743,33.17144998036034
66.71002004008015,16.53924825835172,16.623610969027585,33.1628592273792
66.87014028056112,16.57899539113594,16.60367792195004,33.18267331308588
67.03026052104208,16.589129186862348,16.603204341767253,33.192333528629646
67.19038076152304,16.524924773086088,16.590246693558367,33.11517146664449
67.35050100200401,16.54783140494226,16.550995792435536,33.09882719737794
67.51062124248497,16.57968491759426,16.620839712502143,33.200524630096396
67.67074148296594,16.557978670487532,16.686928806019605,33.24490747650712
67.83086172344689,16.585464373289657,16.665934169582844,33.251398542872586
67.99098196392785,16.60710014714889,16.640043164026128,33.24714331117506
68.15110220440882,16.592943394119562,16.617106038680475,33.210049432800155
68.31122244488978,16.58874460894043,16.623156579834685,33.21190118877519
68.47134268537074,16.592727372569147,16.605913416660126,33.19864078922919
68.63146292585171,16.62819862267993,16.609470616530114,33.23766923921008
68.79158316633266,16.620584297478235,16.685844460891968,33.30642875837009
68.95170340681362,16.587722344484764,16.707734578503906,33.295456922988535
69.11182364729459,16.59333465925434,16.679465556530527,33.27280021578497
69.27194388777555,16.645584459091218,16.635253440983725,33.28083790007504
69.43206412825651,16.63887331881622,16.64662314105921,33.28549645987543
69.59218436873748,16.67549891707821,16.670323408077035,33.34582232515527
69.75230460921844,16.63665137733326,16.64395964173149,33.28061101906464
69.91242484969939,16.662794866439317,16.64933313019274,33.31212799663199
70.07254509018036,16.636605233098855,16.7106038889004,33.34720912199922
70.23266533066132,16.65812900141356,16.699157715729058,33.357286717142664
70.39278557114228,16.677991614659625,16.668280204859236,33.34627181951886
70.55290581162325,16.696906938402186,16.65871823535476,33.3556251737569
70.71302605210421,16.66621992132912,16.67974786610288,33.34596778743215
70.87314629258518,16.672178400656154,16.6799867747887,33.35216517544477
71.03326653306613,16.660964148923355,16.72063083768829,33.381594986611624
71.19338677354709,16.61790859433488,16.752050657448848,33.36995925178386
71.35350701402805,16.68283596384358,16.754174292834037,33.43701025667766
71.51362725450902,16.729740256852224,16.70777552790613,33.43751578475829
71.67374749498998,16.716421040637222,16.67653851602074,33.39295955665797
71.83386773547095,16.762964588513398,16.705269835416182,33.46823442392959
71.9939879759519,16.743246680934668,16.73294799285511,33.47619467378969
72.15410821643286,16.727918905053965,16.75377153604131,33.48169044109534
72.31422845691382,16.686961769915353,16.750491060131786,33.43745283004713
72.47434869739479,16.710647296000598,16.762932930956698,33.47358022695718
72.63446893787575,16.699280993861016,16.763399874670565,33.4626808685317
72.79458917835672,16.73148332818619,16.72068882989267,33.452172158078774
72.95470941883768,16.748867954526823,16.73354730485526,33.482415259382016
73.11482965931863,16.755681406789886,16.726834445136088,33.48251585192612
73.2749498997996,16.725032391598894,16.76754990354885,33.4925822951476
73.43507014028056,16.702630442793694,16.76652502127971,33.469155464073324
73.59519038076152,16.719605675749392,16.80474220954025,33.52434788528957
73.75531062124249,16.738498775992557,16.765515867560783,33.50401464355319
73.91543086172345,16.758902518891116,16.763403685173973,33.52230620406506
74.07555110220441,16.785775455850484,16.72275339797729,33.50852885382789
74.23567134268536,16.769261184394225,16.76251841945435,33.5317796038485
74.39579158316633,16.739701090952025,16.775455448240226,33.51515653919215
74.55591182364729,16.749423002309758,16.788704897730486,33.53812790004024
74.71603206412826,16.745552844775563,16.807160683136026,33.55271352791168
74.87615230460922,16.75168852923937,16.778710215826578,33.53039874506594
75.03627254509018,16.766613783480366,16.746457771866226,33.51307155534648
75.19639278557113,16.74436297180031,16.73008482728264,33.47444779908294
75.3565130260521,16.758569748244465,16.752930854190613,33.51150060243515
75.51663326653306,16.80740333089463,16.806355825921127,33.613759156815746
75.67675350701403,16.779354776123707,16.794089236664366,33.57344401278809
75.83687374749499,16.790228186735664,16.81235608930713,33.60258427604283
75.99699398797596,16.74246520711,16.816409600326505,33.55887480743644
76.15711422845692,16.80426201709194,16.77407951762583,33.57834153471771
76.31723446893787,16.77007881533943,16.77928880709251,33.549367622431944
76.47735470941883,16.805901463722883,16.802353161063667,33.60825462478652
76.6374749498998,16.819189482308886,16.812315448278497,33.63150493058744
76.79759519038076,16.807107026266145,16.829518639474124,33.63662566574037
76.95771543086173,16.799056101134884,16.81796389688353,33.617019998018485
77.11783567134269,16.75846227667495,16.824512299943674,33.5829745766187
77.27795591182365,16.768504390199134,16.783539541880803,33.552043932079854
77.4380761523046,16.823540001635077,16.777208991795934,33.60074899343101
77.59819639278557,16.816956932901945,16.824157162070684,33.64111409497275
77.75831663326653,16.804471803107877,16.846859042801782,33.651330845909705
77.9184368737475,16.79909964620519,16.83883670897748,33.637936355182774
78.07855711422846,16.759846336506182,16.82686790746847,33.58671424397468
78.23867735470942,16.775640618211295,16.82586817093377,33.60150878914516
78.39879759519037,16.754881976592525,16.81639101366295,33.57127299025546
78.55891783567134,16.821197349866814,16.807555528344743,33.62875287821152
78.7190380761523,16.83071110481701,16.841744880701892,33.67245598551889
78.87915831663327,16.82108941532877,16.83018520793994,33.65127462326869
79.03927855711423,16.781935193718294,16.85807901667028,33.6400142103886
79.1993987975952,16.827939540178438,16.865259766642716,33.69319930682116
79.35951903807616,16.765175945651954,16.877780543153584,33.64295648880551
79.51963927855711,16.77336049294253,16.852578319319328,33.62593881226178
79.67975951903807,16.799772642275425,16.8572817243461,33.657054366621566
79.83987975951904,16.865163443446743,16.882243387864037,33.747406831310656
80.0,16.833017396213332,16.879206416091225,33.71222381230452
